id,song_name,audio,album_id,artists_id
1,Adele - All Night Parking (with Erroll Garner) Interlude,player/audio/Adele - All Night Parking (with Erroll Garner) Interlude.mp3,2,2
2,Adele - Can I Get It,player/audio/Adele - Can I Get It.mp3,2,2
3,Adele - Cry Your Heart Out,player/audio/Adele - Cry Your Heart Out.mp3,2,2
4,Adele - Easy On Me,player/audio/Adele - Easy On Me.mp3,2,2
5,Adele - Hold On,player/audio/Adele - Hold On.mp3,2,2
6,Adele - I Drink Wine,player/audio/Adele - I Drink Wine.mp3,2,2
7,Adele - Love Is A Game,player/audio/Adele - Love Is A Game.mp3,2,2
8,Adele - My Little Love,player/audio/Adele - My Little Love.mp3,2,2
9,Adele - Oh My God,player/audio/Adele - Oh My God.mp3,2,2
10,Adele - Strangers By Nature,player/audio/Adele - Strangers By Nature.mp3,2,2
11,Adele - To Be Loved,player/audio/Adele - To Be Loved.mp3,2,2
12,Adele - Woman Like Me,player/audio/Adele - Woman Like Me.mp3,2,2
13,Amandla Stenberg - The Anonymous Ones - From The “Dear Evan Hansen” Original Motion Picture Soundtrack,player/audio/Amandla Stenberg - The Anonymous Ones - From The “Dear Evan Hansen” Original Motion Picture Soundtrack.mp3,13,13
14,AnnenMayKantereit - Aufgeregt,player/audio/AnnenMayKantereit - Aufgeregt.mp3,23,23
15,AnnenMayKantereit - Das Gefühl,player/audio/AnnenMayKantereit - Das Gefühl.mp3,23,23
16,AnnenMayKantereit - Die letzte Ballade,player/audio/AnnenMayKantereit - Die letzte Ballade.mp3,23,23
17,AnnenMayKantereit - Ganz egal,player/audio/AnnenMayKantereit - Ganz egal.mp3,23,23
18,AnnenMayKantereit - Gegenwart,player/audio/AnnenMayKantereit - Gegenwart.mp3,23,23
19,AnnenMayKantereit - Gegenwartsbewältigung,player/audio/AnnenMayKantereit - Gegenwartsbewältigung.mp3,23,23
20,AnnenMayKantereit - Interlude,player/audio/AnnenMayKantereit - Interlude.mp3,23,23
21,AnnenMayKantereit - Intro,player/audio/AnnenMayKantereit - Intro.mp3,23,23
22,AnnenMayKantereit - Outro,player/audio/AnnenMayKantereit - Outro.mp3,23,23
23,AnnenMayKantereit - Paloma,player/audio/AnnenMayKantereit - Paloma.mp3,23,23
24,AnnenMayKantereit - So laut so leer,player/audio/AnnenMayKantereit - So laut so leer.mp3,23,23
25,AnnenMayKantereit - So wies war,player/audio/AnnenMayKantereit - So wies war.mp3,23,23
26,AnnenMayKantereit - Spätsommerregen,player/audio/AnnenMayKantereit - Spätsommerregen.mp3,23,23
27,AnnenMayKantereit - Vergangenheit,player/audio/AnnenMayKantereit - Vergangenheit.mp3,23,23
28,AnnenMayKantereit - Warte auf mich [Padaschdi],player/audio/AnnenMayKantereit - Warte auf mich [Padaschdi].mp3,23,23
29,AnnenMayKantereit - Zukunft,player/audio/AnnenMayKantereit - Zukunft.mp3,23,23
30,"Ariana Grande - 34+35 Remix (feat. Doja Cat, Megan Thee Stallion) - Remix","player/audio/Ariana Grande - 34+35 Remix (feat. Doja Cat, Megan Thee Stallion) - Remix.mp3",1,1
31,Ariana Grande - 34+35,player/audio/Ariana Grande - 34+35.mp3,1,1
32,Ariana Grande - just like magic,player/audio/Ariana Grande - just like magic.mp3,1,1
33,Ariana Grande - love language,player/audio/Ariana Grande - love language.mp3,1,1
34,Ariana Grande - main thing,player/audio/Ariana Grande - main thing.mp3,1,1
35,Ariana Grande - motive (with Doja Cat),player/audio/Ariana Grande - motive (with Doja Cat).mp3,1,1
36,Ariana Grande - my hair,player/audio/Ariana Grande - my hair.mp3,1,1
37,Ariana Grande - nasty,player/audio/Ariana Grande - nasty.mp3,1,1
38,Ariana Grande - obvious,player/audio/Ariana Grande - obvious.mp3,1,1
39,Ariana Grande - off the table (with The Weeknd),player/audio/Ariana Grande - off the table (with The Weeknd).mp3,1,1
40,Ariana Grande - positions,player/audio/Ariana Grande - positions.mp3,1,1
41,Ariana Grande - pov,player/audio/Ariana Grande - pov.mp3,1,1
42,Ariana Grande - safety net (feat. Ty Dolla $ign),player/audio/Ariana Grande - safety net (feat. Ty Dolla $ign).mp3,1,1
43,Ariana Grande - shut up,player/audio/Ariana Grande - shut up.mp3,1,1
44,Ariana Grande - six thirty,player/audio/Ariana Grande - six thirty.mp3,1,1
45,Ariana Grande - someone like u - interlude,player/audio/Ariana Grande - someone like u - interlude.mp3,1,1
46,Ariana Grande - test drive,player/audio/Ariana Grande - test drive.mp3,1,1
47,Ariana Grande - west side,player/audio/Ariana Grande - west side.mp3,1,1
48,Ariana Grande - worst behavior,player/audio/Ariana Grande - worst behavior.mp3,1,1
49,BIGBANG - BANG BANG BANG - BIGBANG JAPAN DOME TOUR 2017 -LAST DANCE- - THE FINAL,player/audio/BIGBANG - BANG BANG BANG - BIGBANG JAPAN DOME TOUR 2017 -LAST DANCE- - THE FINAL.mp3,3,3
50,BIGBANG - FANTASTIC BABY - BIGBANG JAPAN DOME TOUR 2017 -LAST DANCE- - THE FINAL,player/audio/BIGBANG - FANTASTIC BABY - BIGBANG JAPAN DOME TOUR 2017 -LAST DANCE- - THE FINAL.mp3,3,3
51,BIGBANG - HANDS UP - BIGBANG JAPAN DOME TOUR 2017 -LAST DANCE- - THE FINAL,player/audio/BIGBANG - HANDS UP - BIGBANG JAPAN DOME TOUR 2017 -LAST DANCE- - THE FINAL.mp3,3,3
52,BIGBANG - HaruHaru - BIGBANG JAPAN DOME TOUR 2017 -LAST DANCE- - THE FINAL,player/audio/BIGBANG - HaruHaru - BIGBANG JAPAN DOME TOUR 2017 -LAST DANCE- - THE FINAL.mp3,3,3
53,BIGBANG - IF YOU - BIGBANG JAPAN DOME TOUR 2017 -LAST DANCE- - THE FINAL,player/audio/BIGBANG - IF YOU - BIGBANG JAPAN DOME TOUR 2017 -LAST DANCE- - THE FINAL.mp3,3,3
54,BIGBANG - KOE WO KIKASETE - BIGBANG JAPAN DOME TOUR 2017 -LAST DANCE- - THE FINAL,player/audio/BIGBANG - KOE WO KIKASETE - BIGBANG JAPAN DOME TOUR 2017 -LAST DANCE- - THE FINAL.mp3,3,3
55,BIGBANG - LOSER - BIGBANG JAPAN DOME TOUR 2017 -LAST DANCE- - THE FINAL,player/audio/BIGBANG - LOSER - BIGBANG JAPAN DOME TOUR 2017 -LAST DANCE- - THE FINAL.mp3,3,3
56,BIGBANG - MY HEAVEN - BIGBANG JAPAN DOME TOUR 2017 -LAST DANCE- - THE FINAL,player/audio/BIGBANG - MY HEAVEN - BIGBANG JAPAN DOME TOUR 2017 -LAST DANCE- - THE FINAL.mp3,3,3
57,BIGBANG - WE LIKE 2 PARTY - BIGBANG JAPAN DOME TOUR 2017 -LAST DANCE- - THE FINAL,player/audio/BIGBANG - WE LIKE 2 PARTY - BIGBANG JAPAN DOME TOUR 2017 -LAST DANCE- - THE FINAL.mp3,3,3
58,"BIGBANG, D-LITE - D-Day - BIGBANG JAPAN DOME TOUR 2017 -LAST DANCE- - THE FINAL","player/audio/BIGBANG, D-LITE - D-Day - BIGBANG JAPAN DOME TOUR 2017 -LAST DANCE- - THE FINAL.mp3",3,3
59,"BIGBANG, G-DRAGON - SUPER STAR - BIGBANG JAPAN DOME TOUR 2017 -LAST DANCE- - THE FINAL","player/audio/BIGBANG, G-DRAGON - SUPER STAR - BIGBANG JAPAN DOME TOUR 2017 -LAST DANCE- - THE FINAL.mp3",3,3
60,"BIGBANG, GD X TAEYANG - GOOD BOY - BIGBANG JAPAN DOME TOUR 2017 -LAST DANCE- - THE FINAL","player/audio/BIGBANG, GD X TAEYANG - GOOD BOY - BIGBANG JAPAN DOME TOUR 2017 -LAST DANCE- - THE FINAL.mp3",3,3
61,BLACKPINK - Hard to Love,player/audio/BLACKPINK - Hard to Love.mp3,4,4
62,BLACKPINK - Pink Venom,player/audio/BLACKPINK - Pink Venom.mp3,4,4
63,BLACKPINK - Ready For Love,player/audio/BLACKPINK - Ready For Love.mp3,4,4
64,BLACKPINK - Shut Down,player/audio/BLACKPINK - Shut Down.mp3,4,4
65,BLACKPINK - Tally,player/audio/BLACKPINK - Tally.mp3,4,4
66,BLACKPINK - The Happiest Girl,player/audio/BLACKPINK - The Happiest Girl.mp3,4,4
67,BLACKPINK - Typa Girl,player/audio/BLACKPINK - Typa Girl.mp3,4,4
68,BLACKPINK - Yeah Yeah Yeah,player/audio/BLACKPINK - Yeah Yeah Yeah.mp3,4,4
72,"Bruno Mars, Anderson .Paak - Silk Sonic Intro","player/audio/Bruno Mars, Anderson .Paak - Silk Sonic Intro.mp3",6,6
73,"Bruno Mars, Anderson .Paak, Silk Sonic - 777","player/audio/Bruno Mars, Anderson .Paak, Silk Sonic - 777.mp3",6,6
74,"Bruno Mars, Anderson .Paak, Silk Sonic - After Last Night (with Thundercat & Bootsy Collins)","player/audio/Bruno Mars, Anderson .Paak, Silk Sonic - After Last Night (with Thundercat & Bootsy Collins).mp3",6,6
75,"Bruno Mars, Anderson .Paak, Silk Sonic - Blast Off","player/audio/Bruno Mars, Anderson .Paak, Silk Sonic - Blast Off.mp3",6,6
76,"Bruno Mars, Anderson .Paak, Silk Sonic - Fly As Me","player/audio/Bruno Mars, Anderson .Paak, Silk Sonic - Fly As Me.mp3",6,6
77,"Bruno Mars, Anderson .Paak, Silk Sonic - Leave The Door Open","player/audio/Bruno Mars, Anderson .Paak, Silk Sonic - Leave The Door Open.mp3",6,6
78,"Bruno Mars, Anderson .Paak, Silk Sonic - Love's Train","player/audio/Bruno Mars, Anderson .Paak, Silk Sonic - Love's Train.mp3",6,6
79,"Bruno Mars, Anderson .Paak, Silk Sonic - Put On A Smile","player/audio/Bruno Mars, Anderson .Paak, Silk Sonic - Put On A Smile.mp3",6,6
80,"Bruno Mars, Anderson .Paak, Silk Sonic - Skate","player/audio/Bruno Mars, Anderson .Paak, Silk Sonic - Skate.mp3",6,6
81,"Bruno Mars, Anderson .Paak, Silk Sonic - Smokin Out The Window","player/audio/Bruno Mars, Anderson .Paak, Silk Sonic - Smokin Out The Window.mp3",6,6
82,"Bùi Lan Hương - Anh, Anh Ấy Hay Ai","player/audio/Bùi Lan Hương - Anh, Anh Ấy Hay Ai.mp3",28,28
83,Bùi Lan Hương - Bùa Mê,player/audio/Bùi Lan Hương - Bùa Mê.mp3,28,28
84,Bùi Lan Hương - Cấm Đoán,player/audio/Bùi Lan Hương - Cấm Đoán.mp3,28,28
85,Bùi Lan Hương - Cố Chấp,player/audio/Bùi Lan Hương - Cố Chấp.mp3,28,28
86,Bùi Lan Hương - Mâu Thuẫn - Remix,player/audio/Bùi Lan Hương - Mâu Thuẫn - Remix.mp3,28,28
87,Bùi Lan Hương - Mâu Thuẫn,player/audio/Bùi Lan Hương - Mâu Thuẫn.mp3,28,28
88,Bùi Lan Hương - Mê Muội - Remix,player/audio/Bùi Lan Hương - Mê Muội - Remix.mp3,28,28
89,Bùi Lan Hương - Mê Muội,player/audio/Bùi Lan Hương - Mê Muội.mp3,28,28
90,Bùi Lan Hương - Sa Ngã,player/audio/Bùi Lan Hương - Sa Ngã.mp3,28,28
91,Bùi Lan Hương - Tôn Thờ,player/audio/Bùi Lan Hương - Tôn Thờ.mp3,28,28
92,Bùi Lan Hương - Vi Vu,player/audio/Bùi Lan Hương - Vi Vu.mp3,28,28
93,Bùi Lan Hương - Vĩnh Hằng,player/audio/Bùi Lan Hương - Vĩnh Hằng.mp3,28,28
95,Chillies - Bao Nhiêu,player/audio/Chillies - Bao Nhiêu.mp3,14,14
96,Chillies - Em Đừng Khóc,player/audio/Chillies - Em Đừng Khóc.mp3,14,14
97,Chillies - Giá Như,player/audio/Chillies - Giá Như.mp3,14,14
98,Chillies - Mascara,player/audio/Chillies - Mascara.mp3,14,14
99,Chillies - Ms. May (feat. Magazine),player/audio/Chillies - Ms. May (feat. Magazine).mp3,14,14
100,Chillies - Mộng Du,player/audio/Chillies - Mộng Du.mp3,14,14
101,Chillies - Một Cái Tên (feat. Orange),player/audio/Chillies - Một Cái Tên (feat. Orange).mp3,14,14
102,Chillies - Qua Khung Cửa Sổ,player/audio/Chillies - Qua Khung Cửa Sổ.mp3,14,14
103,Chillies - Vùng Ký Ức,player/audio/Chillies - Vùng Ký Ức.mp3,14,14
104,Chillies - Đường Chân Trời,player/audio/Chillies - Đường Chân Trời.mp3,14,14
105,Cigarettes After Sex - Cry,player/audio/Cigarettes After Sex - Cry.mp3,31,31
106,Cigarettes After Sex - Don't Let Me Go,player/audio/Cigarettes After Sex - Don't Let Me Go.mp3,31,31
107,Cigarettes After Sex - Falling In Love,player/audio/Cigarettes After Sex - Falling In Love.mp3,31,31
108,Cigarettes After Sex - Heavenly,player/audio/Cigarettes After Sex - Heavenly.mp3,31,31
109,Cigarettes After Sex - Hentai,player/audio/Cigarettes After Sex - Hentai.mp3,31,31
110,Cigarettes After Sex - Kiss It Off Me,player/audio/Cigarettes After Sex - Kiss It Off Me.mp3,31,31
111,Cigarettes After Sex - Pure,player/audio/Cigarettes After Sex - Pure.mp3,31,31
112,Cigarettes After Sex - Touch,player/audio/Cigarettes After Sex - Touch.mp3,31,31
113,Cigarettes After Sex - You're the Only Good Thing In My Life,player/audio/Cigarettes After Sex - You're the Only Good Thing In My Life.mp3,31,31
116,Dua Lipa - Boys Will Be Boys,player/audio/Dua Lipa - Boys Will Be Boys.mp3,16,16
117,Dua Lipa - Break My Heart,player/audio/Dua Lipa - Break My Heart.mp3,16,16
118,Dua Lipa - Cool,player/audio/Dua Lipa - Cool.mp3,16,16
119,Dua Lipa - Don't Start Now,player/audio/Dua Lipa - Don't Start Now.mp3,16,16
120,Dua Lipa - Future Nostalgia,player/audio/Dua Lipa - Future Nostalgia.mp3,16,16
121,Dua Lipa - Good In Bed,player/audio/Dua Lipa - Good In Bed.mp3,16,16
122,Dua Lipa - Hallucinate,player/audio/Dua Lipa - Hallucinate.mp3,16,16
123,Dua Lipa - If It Ain’t Me,player/audio/Dua Lipa - If It Ain’t Me.mp3,16,16
124,Dua Lipa - Levitating (feat. DaBaby),player/audio/Dua Lipa - Levitating (feat. DaBaby).mp3,16,16
125,Dua Lipa - Levitating,player/audio/Dua Lipa - Levitating.mp3,16,16
126,Dua Lipa - Love Again,player/audio/Dua Lipa - Love Again.mp3,16,16
127,Dua Lipa - Not My Problem (feat. JID),player/audio/Dua Lipa - Not My Problem (feat. JID).mp3,16,16
128,Dua Lipa - Physical,player/audio/Dua Lipa - Physical.mp3,16,16
129,Dua Lipa - Pretty Please,player/audio/Dua Lipa - Pretty Please.mp3,16,16
130,Dua Lipa - That Kind Of Woman,player/audio/Dua Lipa - That Kind Of Woman.mp3,16,16
131,Dua Lipa - We're Good,player/audio/Dua Lipa - We're Good.mp3,16,16
132,"Dua Lipa, Angèle - Fever","player/audio/Dua Lipa, Angèle - Fever.mp3",16,16
133,Epik High - BRB,player/audio/Epik High - BRB.mp3,25,25
134,Epik High - Champagne,player/audio/Epik High - Champagne.mp3,25,25
135,"Epik High - Face ID (Feat. GIRIBOY, Sik-K, JUSTHIS)","player/audio/Epik High - Face ID (Feat. GIRIBOY, Sik-K, JUSTHIS).mp3",25,25
136,Epik High - Family Portrait (Feat. Kim Feel),player/audio/Epik High - Family Portrait (Feat. Kim Feel).mp3,25,25
137,Epik High - Gray So Gray (Feat. Younha),player/audio/Epik High - Gray So Gray (Feat. Younha).mp3,25,25
138,Epik High - Here,player/audio/Epik High - Here.mp3,25,25
139,Epik High - I Hated Myself (Tablo's Word),player/audio/Epik High - I Hated Myself (Tablo's Word).mp3,25,25
140,Epik High - Piano For Sale,player/audio/Epik High - Piano For Sale.mp3,25,25
141,Epik High - Prequel,player/audio/Epik High - Prequel.mp3,25,25
142,Epik High - Rain Song (Feat. Colde),player/audio/Epik High - Rain Song (Feat. Colde).mp3,25,25
143,"Epik High - Super Rare (Feat. Wonstein, pH-1)","player/audio/Epik High - Super Rare (Feat. Wonstein, pH-1).mp3",25,25
144,"Epik High, LeeHi - Rich Kids Anthem (Feat. Lee Hi)","player/audio/Epik High, LeeHi - Rich Kids Anthem (Feat. Lee Hi).mp3",25,25
146,Giveon - Another Heartbreak,player/audio/Giveon - Another Heartbreak.mp3,26,26
147,Giveon - At Least We Tried,player/audio/Giveon - At Least We Tried.mp3,26,26
148,Giveon - For Tonight,player/audio/Giveon - For Tonight.mp3,26,26
149,Giveon - Get To You,player/audio/Giveon - Get To You.mp3,26,26
150,Giveon - Let Me Go,player/audio/Giveon - Let Me Go.mp3,26,26
151,Giveon - Lie Again,player/audio/Giveon - Lie Again.mp3,26,26
152,Giveon - Lost Me,player/audio/Giveon - Lost Me.mp3,26,26
153,Giveon - Make You Mine,player/audio/Giveon - Make You Mine.mp3,26,26
154,Giveon - Remind Me,player/audio/Giveon - Remind Me.mp3,26,26
155,Giveon - Scarred,player/audio/Giveon - Scarred.mp3,26,26
156,Giveon - This Will Do,player/audio/Giveon - This Will Do.mp3,26,26
157,Giveon - Tryna Be,player/audio/Giveon - Tryna Be.mp3,26,26
158,Giveon - Unholy Matrimony,player/audio/Giveon - Unholy Matrimony.mp3,26,26
159,Giveon - dec 11th,player/audio/Giveon - dec 11th.mp3,26,26
160,Giveon - july 16th,player/audio/Giveon - july 16th.mp3,26,26
161,HONNE - BACK ON TOP (feat. Griff),player/audio/HONNE - BACK ON TOP (feat. Griff).mp3,18,18
162,HONNE - COMING HOME (feat. NIKI) - Long Distance Recording,player/audio/HONNE - COMING HOME (feat. NIKI) - Long Distance Recording.mp3,18,18
163,HONNE - COMING HOME (feat. NIKI),player/audio/HONNE - COMING HOME (feat. NIKI).mp3,18,18
164,HONNE - DANCING ON A CLOUD,player/audio/HONNE - DANCING ON A CLOUD.mp3,18,18
165,HONNE - EASY ON ME,player/audio/HONNE - EASY ON ME.mp3,18,18
166,HONNE - HEARTSONG,player/audio/HONNE - HEARTSONG.mp3,18,18
167,HONNE - IDGAF ABOUT PAIN,player/audio/HONNE - IDGAF ABOUT PAIN.mp3,18,18
168,HONNE - I’M THE LUCKY ONE,player/audio/HONNE - I’M THE LUCKY ONE.mp3,18,18
169,HONNE - NOW I'M ALONE (feat. Sofía Valdés),player/audio/HONNE - NOW I'M ALONE (feat. Sofía Valdés).mp3,18,18
170,HONNE - TALK TO ME,player/audio/HONNE - TALK TO ME.mp3,18,18
171,HONNE - THREE STRIKES (feat. Khalid) - TSHA remix,player/audio/HONNE - THREE STRIKES (feat. Khalid) - TSHA remix.mp3,18,18
172,HONNE - THREE STRIKES (feat. Khalid),player/audio/HONNE - THREE STRIKES (feat. Khalid).mp3,18,18
173,HONNE - THREE STRIKES - The Lanesborough Session (feat. BAELY),player/audio/HONNE - THREE STRIKES - The Lanesborough Session (feat. BAELY).mp3,18,18
174,HONNE - WHAT WOULD YOU DO (feat. Pink Sweat$) - Big Lehowski Remix,player/audio/HONNE - WHAT WOULD YOU DO (feat. Pink Sweat$) - Big Lehowski Remix.mp3,18,18
175,HONNE - WHAT WOULD YOU DO (feat. Pink Sweat$) - Sun.E.Day Remix,player/audio/HONNE - WHAT WOULD YOU DO (feat. Pink Sweat$) - Sun.E.Day Remix.mp3,18,18
176,HONNE - WHAT WOULD YOU DO (feat. Pink Sweat$),player/audio/HONNE - WHAT WOULD YOU DO (feat. Pink Sweat$).mp3,18,18
177,HONNE - WHAT WOULD YOU DO - The Lanesborough Session (feat. BAELY),player/audio/HONNE - WHAT WOULD YOU DO - The Lanesborough Session (feat. BAELY).mp3,18,18
178,HONNE - What A Wonderful World,player/audio/HONNE - What A Wonderful World.mp3,18,18
179,"HONNE, Reuben James - I’M BLESSED","player/audio/HONNE, Reuben James - I’M BLESSED.mp3",18,18
180,"Harold Faltermeyer, Lady Gaga, Hans Zimmer, Lorne Balfe - Dagger One Is Hit  Time To Let Go","player/audio/Harold Faltermeyer, Lady Gaga, Hans Zimmer, Lorne Balfe - Dagger One Is Hit  Time To Let Go.mp3",27,27
181,"Harold Faltermeyer, Lady Gaga, Hans Zimmer, Lorne Balfe - Darkstar","player/audio/Harold Faltermeyer, Lady Gaga, Hans Zimmer, Lorne Balfe - Darkstar.mp3",27,27
182,"Harold Faltermeyer, Lady Gaga, Hans Zimmer, Lorne Balfe - Main Titles (You’ve Been Called Back to Top Gun)","player/audio/Harold Faltermeyer, Lady Gaga, Hans Zimmer, Lorne Balfe - Main Titles (You’ve Been Called Back to Top Gun).mp3",27,27
183,"Harold Faltermeyer, Lady Gaga, Hans Zimmer, Lorne Balfe - Penny Returns - Interlude","player/audio/Harold Faltermeyer, Lady Gaga, Hans Zimmer, Lorne Balfe - Penny Returns - Interlude.mp3",27,27
184,"Harold Faltermeyer, Lady Gaga, Hans Zimmer, Lorne Balfe - Tally Two  What’s The Plan  F-14","player/audio/Harold Faltermeyer, Lady Gaga, Hans Zimmer, Lorne Balfe - Tally Two  What’s The Plan  F-14.mp3",27,27
185,"Harold Faltermeyer, Lady Gaga, Hans Zimmer, Lorne Balfe - The Man, The Legend  Touchdown","player/audio/Harold Faltermeyer, Lady Gaga, Hans Zimmer, Lorne Balfe - The Man, The Legend  Touchdown.mp3",27,27
186,"Harold Faltermeyer, Lady Gaga, Hans Zimmer, Lorne Balfe - Top Gun Anthem","player/audio/Harold Faltermeyer, Lady Gaga, Hans Zimmer, Lorne Balfe - Top Gun Anthem.mp3",27,27
187,"Harold Faltermeyer, Lady Gaga, Hans Zimmer, Lorne Balfe - You’re Where You Belong  Give ‘Em Hell","player/audio/Harold Faltermeyer, Lady Gaga, Hans Zimmer, Lorne Balfe - You’re Where You Belong  Give ‘Em Hell.mp3",27,27
188,Hozier - Almost (Sweet Music),player/audio/Hozier - Almost (Sweet Music).mp3,19,19
189,Hozier - As It Was,player/audio/Hozier - As It Was.mp3,19,19
190,Hozier - Be,player/audio/Hozier - Be.mp3,19,19
191,Hozier - Dinner & Diatribes,player/audio/Hozier - Dinner & Diatribes.mp3,19,19
192,Hozier - Movement,player/audio/Hozier - Movement.mp3,19,19
193,Hozier - No Plan,player/audio/Hozier - No Plan.mp3,19,19
194,Hozier - Nobody,player/audio/Hozier - Nobody.mp3,19,19
195,Hozier - Shrike,player/audio/Hozier - Shrike.mp3,19,19
196,Hozier - Sunlight,player/audio/Hozier - Sunlight.mp3,19,19
197,Hozier - Talk,player/audio/Hozier - Talk.mp3,19,19
198,Hozier - To Noise Making (Sing),player/audio/Hozier - To Noise Making (Sing).mp3,19,19
199,"Hozier - Wasteland, Baby!","player/audio/Hozier - Wasteland, Baby!.mp3",19,19
200,Hozier - Would That I,player/audio/Hozier - Would That I.mp3,19,19
201,"Hozier, Mavis Staples - Nina Cried Power","player/audio/Hozier, Mavis Staples - Nina Cried Power.mp3",19,19
202,Imagine Dragons - America,player/audio/Imagine Dragons - America.mp3,8,8
203,Imagine Dragons - Amsterdam - Live From Red Rocks  2014,player/audio/Imagine Dragons - Amsterdam - Live From Red Rocks  2014.mp3,8,8
204,Imagine Dragons - Amsterdam,player/audio/Imagine Dragons - Amsterdam.mp3,8,8
205,Imagine Dragons - Bleeding Out,player/audio/Imagine Dragons - Bleeding Out.mp3,8,8
206,Imagine Dragons - Bubble - Night Visions Demo,player/audio/Imagine Dragons - Bubble - Night Visions Demo.mp3,8,8
207,Imagine Dragons - Cha-Ching (Till We Grow Older) - Live From Red Rocks  2014,player/audio/Imagine Dragons - Cha-Ching (Till We Grow Older) - Live From Red Rocks  2014.mp3,8,8
208,Imagine Dragons - Cha-Ching (Till We Grow Older),player/audio/Imagine Dragons - Cha-Ching (Till We Grow Older).mp3,8,8
209,Imagine Dragons - Cover Up,player/audio/Imagine Dragons - Cover Up.mp3,8,8
210,Imagine Dragons - Demons - Imagine Dragons Remix,player/audio/Imagine Dragons - Demons - Imagine Dragons Remix.mp3,8,8
211,Imagine Dragons - Demons - Live From Red Rocks  2014,player/audio/Imagine Dragons - Demons - Live From Red Rocks  2014.mp3,8,8
212,Imagine Dragons - Demons - Live London Sessions  2013,player/audio/Imagine Dragons - Demons - Live London Sessions  2013.mp3,8,8
213,Imagine Dragons - Demons - TELYKast Remix,player/audio/Imagine Dragons - Demons - TELYKast Remix.mp3,8,8
214,Imagine Dragons - Demons,player/audio/Imagine Dragons - Demons.mp3,8,8
215,Imagine Dragons - Every Night,player/audio/Imagine Dragons - Every Night.mp3,8,8
216,Imagine Dragons - Fallen,player/audio/Imagine Dragons - Fallen.mp3,8,8
217,Imagine Dragons - Hear Me - Live From Red Rocks  2014,player/audio/Imagine Dragons - Hear Me - Live From Red Rocks  2014.mp3,8,8
218,Imagine Dragons - Hear Me - Spector Remix,player/audio/Imagine Dragons - Hear Me - Spector Remix.mp3,8,8
219,Imagine Dragons - Hear Me,player/audio/Imagine Dragons - Hear Me.mp3,8,8
220,Imagine Dragons - I Don't Mind,player/audio/Imagine Dragons - I Don't Mind.mp3,8,8
221,Imagine Dragons - It's Time - Bastille Remix,player/audio/Imagine Dragons - It's Time - Bastille Remix.mp3,8,8
222,Imagine Dragons - It's Time - Cherry Cherry Boom Boom Remix,player/audio/Imagine Dragons - It's Time - Cherry Cherry Boom Boom Remix.mp3,8,8
223,Imagine Dragons - It's Time - JailBreaks Remix,player/audio/Imagine Dragons - It's Time - JailBreaks Remix.mp3,8,8
224,Imagine Dragons - It's Time - Kat Krazy Remix,player/audio/Imagine Dragons - It's Time - Kat Krazy Remix.mp3,8,8
225,Imagine Dragons - It's Time - Live From Red Rocks  2014,player/audio/Imagine Dragons - It's Time - Live From Red Rocks  2014.mp3,8,8
226,Imagine Dragons - It's Time - Live London Sessions  2013,player/audio/Imagine Dragons - It's Time - Live London Sessions  2013.mp3,8,8
227,Imagine Dragons - It's Time - Passion Pit Remix,player/audio/Imagine Dragons - It's Time - Passion Pit Remix.mp3,8,8
228,Imagine Dragons - It's Time - Penguin Prison Remix,player/audio/Imagine Dragons - It's Time - Penguin Prison Remix.mp3,8,8
229,Imagine Dragons - It's Time - StunGun & JailBreaks Remix,player/audio/Imagine Dragons - It's Time - StunGun & JailBreaks Remix.mp3,8,8
230,Imagine Dragons - It's Time - White Sea Remix,player/audio/Imagine Dragons - It's Time - White Sea Remix.mp3,8,8
231,Imagine Dragons - It's Time,player/audio/Imagine Dragons - It's Time.mp3,8,8
232,Imagine Dragons - Love Of Mine - Night Visions Demo,player/audio/Imagine Dragons - Love Of Mine - Night Visions Demo.mp3,8,8
233,Imagine Dragons - My Fault,player/audio/Imagine Dragons - My Fault.mp3,8,8
234,Imagine Dragons - Nothing Left To Say  Rocks - Medley,player/audio/Imagine Dragons - Nothing Left To Say  Rocks - Medley.mp3,8,8
235,Imagine Dragons - On Top Of The World - Live From Red Rocks  2014,player/audio/Imagine Dragons - On Top Of The World - Live From Red Rocks  2014.mp3,8,8
236,Imagine Dragons - On Top Of The World - RAC Remix,player/audio/Imagine Dragons - On Top Of The World - RAC Remix.mp3,8,8
237,Imagine Dragons - On Top Of The World,player/audio/Imagine Dragons - On Top Of The World.mp3,8,8
238,Imagine Dragons - Radioactive - Grouplove & Captain Cuts Remix,player/audio/Imagine Dragons - Radioactive - Grouplove & Captain Cuts Remix.mp3,8,8
239,Imagine Dragons - Radioactive - Live From Red Rocks  2014,player/audio/Imagine Dragons - Radioactive - Live From Red Rocks  2014.mp3,8,8
240,Imagine Dragons - Radioactive - Live London Sessions  2013,player/audio/Imagine Dragons - Radioactive - Live London Sessions  2013.mp3,8,8
241,Imagine Dragons - Radioactive - The Dirty Tees Mix,player/audio/Imagine Dragons - Radioactive - The Dirty Tees Mix.mp3,8,8
242,Imagine Dragons - Radioactive,player/audio/Imagine Dragons - Radioactive.mp3,8,8
243,Imagine Dragons - Rocks - Live From Red Rocks  2014,player/audio/Imagine Dragons - Rocks - Live From Red Rocks  2014.mp3,8,8
244,Imagine Dragons - Round And Round - Live From Red Rocks  2014,player/audio/Imagine Dragons - Round And Round - Live From Red Rocks  2014.mp3,8,8
245,Imagine Dragons - Round And Round,player/audio/Imagine Dragons - Round And Round.mp3,8,8
246,Imagine Dragons - Selene,player/audio/Imagine Dragons - Selene.mp3,8,8
247,Imagine Dragons - The River,player/audio/Imagine Dragons - The River.mp3,8,8
248,Imagine Dragons - Tiptoe - Live From Red Rocks  2014,player/audio/Imagine Dragons - Tiptoe - Live From Red Rocks  2014.mp3,8,8
249,Imagine Dragons - Tiptoe,player/audio/Imagine Dragons - Tiptoe.mp3,8,8
250,Imagine Dragons - Tokyo,player/audio/Imagine Dragons - Tokyo.mp3,8,8
251,Imagine Dragons - Underdog - Live From Red Rocks  2014,player/audio/Imagine Dragons - Underdog - Live From Red Rocks  2014.mp3,8,8
252,Imagine Dragons - Underdog,player/audio/Imagine Dragons - Underdog.mp3,8,8
253,Imagine Dragons - Working Man,player/audio/Imagine Dragons - Working Man.mp3,8,8
254,"Imagine Dragons, Alex Da Kid, Jayson DeZuzio, Hygrade - Demons - KIDinaKORNER Remix","player/audio/Imagine Dragons, Alex Da Kid, Jayson DeZuzio, Hygrade - Demons - KIDinaKORNER Remix.mp3",8,8
255,"Imagine Dragons, DJ Politik - Demons - Politik Remix","player/audio/Imagine Dragons, DJ Politik - Demons - Politik Remix.mp3",8,8
256,"J Balvin, Dua Lipa, Bad Bunny, Tainy - Un Día (One Day)","player/audio/J Balvin, Dua Lipa, Bad Bunny, Tainy - Un Día (One Day).mp3",16,16
257,Jay Chou - Intro,player/audio/Jay Chou - Intro.mp3,17,17
258,Jay Chou - Mojito,player/audio/Jay Chou - Mojito.mp3,17,17
259,Jay Chou - 不愛我就拉倒,player/audio/Jay Chou - 不愛我就拉倒.mp3,17,17
260,Jay Chou - 倒影,player/audio/Jay Chou - 倒影.mp3,17,17
261,Jay Chou - 我是如此相信,player/audio/Jay Chou - 我是如此相信.mp3,17,17
262,Jay Chou - 最偉大的作品,player/audio/Jay Chou - 最偉大的作品.mp3,17,17
263,Jay Chou - 粉色海洋,player/audio/Jay Chou - 粉色海洋.mp3,17,17
264,Jay Chou - 紅顏如霜,player/audio/Jay Chou - 紅顏如霜.mp3,17,17
265,Jay Chou - 還在流浪,player/audio/Jay Chou - 還在流浪.mp3,17,17
266,Jay Chou - 錯過的煙火,player/audio/Jay Chou - 錯過的煙火.mp3,17,17
267,"Jay Chou, Ashin Chen - 說好不哭","player/audio/Jay Chou, Ashin Chen - 說好不哭.mp3",17,17
268,"Jay Chou, Gary Yang - 等你下課","player/audio/Jay Chou, Gary Yang - 等你下課.mp3",17,17
270,Justin Bieber - 2 Much,player/audio/Justin Bieber - 2 Much.mp3,10,10
271,Justin Bieber - Anyone,player/audio/Justin Bieber - Anyone.mp3,10,10
272,Justin Bieber - As I Am (feat. Khalid),player/audio/Justin Bieber - As I Am (feat. Khalid).mp3,10,10
273,Justin Bieber - Deserve You,player/audio/Justin Bieber - Deserve You.mp3,10,10
274,Justin Bieber - Die For You (feat. Dominic Fike),player/audio/Justin Bieber - Die For You (feat. Dominic Fike).mp3,10,10
275,Justin Bieber - Ghost,player/audio/Justin Bieber - Ghost.mp3,10,10
276,Justin Bieber - Hailey,player/audio/Justin Bieber - Hailey.mp3,10,10
277,Justin Bieber - Hold On,player/audio/Justin Bieber - Hold On.mp3,10,10
278,Justin Bieber - Holy (feat. Chance The Rapper),player/audio/Justin Bieber - Holy (feat. Chance The Rapper).mp3,10,10
279,Justin Bieber - I Can't Be Myself (feat. Jaden),player/audio/Justin Bieber - I Can't Be Myself (feat. Jaden).mp3,10,10
280,Justin Bieber - Know No Better (feat. DaBaby),player/audio/Justin Bieber - Know No Better (feat. DaBaby).mp3,10,10
281,Justin Bieber - Lifetime,player/audio/Justin Bieber - Lifetime.mp3,10,10
282,Justin Bieber - Lonely (with benny blanco),player/audio/Justin Bieber - Lonely (with benny blanco).mp3,10,10
283,Justin Bieber - Love You Different (feat. BEAM),player/audio/Justin Bieber - Love You Different (feat. BEAM).mp3,10,10
284,Justin Bieber - Loved By You (feat. Burna Boy),player/audio/Justin Bieber - Loved By You (feat. Burna Boy).mp3,10,10
285,Justin Bieber - MLK Interlude,player/audio/Justin Bieber - MLK Interlude.mp3,10,10
286,Justin Bieber - Name (feat. Tori Kelly),player/audio/Justin Bieber - Name (feat. Tori Kelly).mp3,10,10
287,Justin Bieber - Off My Face,player/audio/Justin Bieber - Off My Face.mp3,10,10
288,Justin Bieber - Peaches (feat. Daniel Caesar & Giveon),player/audio/Justin Bieber - Peaches (feat. Daniel Caesar & Giveon).mp3,10,10
289,Justin Bieber - Red Eye (feat. TroyBoi),player/audio/Justin Bieber - Red Eye (feat. TroyBoi).mp3,10,10
290,Justin Bieber - Somebody,player/audio/Justin Bieber - Somebody.mp3,10,10
291,Justin Bieber - There She Go (feat. Lil Uzi Vert),player/audio/Justin Bieber - There She Go (feat. Lil Uzi Vert).mp3,10,10
292,Justin Bieber - Unstable (feat. The Kid LAROI),player/audio/Justin Bieber - Unstable (feat. The Kid LAROI).mp3,10,10
293,Justin Bieber - Wish You Would (feat. Quavo),player/audio/Justin Bieber - Wish You Would (feat. Quavo).mp3,10,10
294,"Justin Bieber, Poo Bear - Angels Speak","player/audio/Justin Bieber, Poo Bear - Angels Speak.mp3",10,10
295,Justin Timberlake - Breeze Off the Pond,player/audio/Justin Timberlake - Breeze Off the Pond.mp3,9,9
296,Justin Timberlake - Filthy,player/audio/Justin Timberlake - Filthy.mp3,9,9
297,Justin Timberlake - Flannel,player/audio/Justin Timberlake - Flannel.mp3,9,9
298,Justin Timberlake - Hers (interlude),player/audio/Justin Timberlake - Hers (interlude).mp3,9,9
299,Justin Timberlake - Higher Higher,player/audio/Justin Timberlake - Higher Higher.mp3,9,9
300,Justin Timberlake - Livin' Off the Land,player/audio/Justin Timberlake - Livin' Off the Land.mp3,9,9
301,Justin Timberlake - Man of the Woods,player/audio/Justin Timberlake - Man of the Woods.mp3,9,9
302,Justin Timberlake - Midnight Summer Jam,player/audio/Justin Timberlake - Midnight Summer Jam.mp3,9,9
303,Justin Timberlake - Montana,player/audio/Justin Timberlake - Montana.mp3,9,9
304,Justin Timberlake - Morning Light (feat. Alicia Keys),player/audio/Justin Timberlake - Morning Light (feat. Alicia Keys).mp3,9,9
305,Justin Timberlake - Sauce,player/audio/Justin Timberlake - Sauce.mp3,9,9
306,Justin Timberlake - Say Something (feat. Chris Stapleton),player/audio/Justin Timberlake - Say Something (feat. Chris Stapleton).mp3,9,9
307,Justin Timberlake - Supplies,player/audio/Justin Timberlake - Supplies.mp3,9,9
308,Justin Timberlake - The Hard Stuff,player/audio/Justin Timberlake - The Hard Stuff.mp3,9,9
309,Justin Timberlake - Wave,player/audio/Justin Timberlake - Wave.mp3,9,9
310,Justin Timberlake - Young Man,player/audio/Justin Timberlake - Young Man.mp3,9,9
313,Khalid - All I Feel Is Rain (feat. JID),player/audio/Khalid - All I Feel Is Rain (feat. JID).mp3,24,24
314,Khalid - Backseat,player/audio/Khalid - Backseat.mp3,24,24
315,Khalid - Brand New (feat. QUIN),player/audio/Khalid - Brand New (feat. QUIN).mp3,24,24
316,Khalid - Intro (feat. Alicia Keys),player/audio/Khalid - Intro (feat. Alicia Keys).mp3,24,24
317,Khalid - Open (feat. Majid Jordan),player/audio/Khalid - Open (feat. Majid Jordan).mp3,24,24
318,Khalid - Present,player/audio/Khalid - Present.mp3,24,24
319,Khalid - Retrograde (feat. 6LACK & Lucky Daye),player/audio/Khalid - Retrograde (feat. 6LACK & Lucky Daye).mp3,24,24
320,Khalid - Scenic Drive (feat. Ari Lennox & Smino),player/audio/Khalid - Scenic Drive (feat. Ari Lennox & Smino).mp3,24,24
321,Khalid - Voicemail (feat. Kiana Ledé),player/audio/Khalid - Voicemail (feat. Kiana Ledé).mp3,24,24
322,LANY - 13 - live from The Forum,player/audio/LANY - 13 - live from The Forum.mp3,13,13
323,LANY - Hericane  i still talk to jesus - live from The Forum,player/audio/LANY - Hericane  i still talk to jesus - live from The Forum.mp3,13,13
324,LANY - Hurts - live from The Forum,player/audio/LANY - Hurts - live from The Forum.mp3,13,13
325,LANY - I Don’t Wanna Love You Anymore - live from The Forum,player/audio/LANY - I Don’t Wanna Love You Anymore - live from The Forum.mp3,13,13
326,LANY - ILYSB - live from The Forum,player/audio/LANY - ILYSB - live from The Forum.mp3,13,13
327,LANY - If You See Her - live from The Forum,player/audio/LANY - If You See Her - live from The Forum.mp3,13,13
328,LANY - Malibu Nights - live from The Forum,player/audio/LANY - Malibu Nights - live from The Forum.mp3,13,13
329,LANY - Super Far - live from The Forum,player/audio/LANY - Super Far - live from The Forum.mp3,13,13
330,LANY - Thick & Thin - live from The Forum,player/audio/LANY - Thick & Thin - live from The Forum.mp3,13,13
331,LANY - Thru These Tears - live from The Forum,player/audio/LANY - Thru These Tears - live from The Forum.mp3,13,13
332,LANY - care less - live from The Forum,player/audio/LANY - care less - live from The Forum.mp3,13,13
333,LANY - cowboy in LA - live from The Forum,player/audio/LANY - cowboy in LA - live from The Forum.mp3,13,13
334,LANY - dancing in the kitchen - live from The Forum,player/audio/LANY - dancing in the kitchen - live from The Forum.mp3,13,13
335,LANY - ex i never had - live from The Forum,player/audio/LANY - ex i never had - live from The Forum.mp3,13,13
336,LANY - get away - live from The Forum,player/audio/LANY - get away - live from The Forum.mp3,13,13
337,LANY - heart won’t let me - live from The Forum,player/audio/LANY - heart won’t let me - live from The Forum.mp3,13,13
338,"LANY - never mind, let’s break up - live from The Forum","player/audio/LANY - never mind, let’s break up - live from The Forum.mp3",13,13
339,LANY - roll over baby - live from The Forum,player/audio/LANY - roll over baby - live from The Forum.mp3,13,13
340,LANY - up to me - live from The Forum,player/audio/LANY - up to me - live from The Forum.mp3,13,13
341,LANY - you! - live from The Forum,player/audio/LANY - you! - live from The Forum.mp3,13,13
342,Lady Gaga - Hold My Hand,player/audio/Lady Gaga - Hold My Hand.mp3,27,27
343,Lana Del Rey - Arcadia,player/audio/Lana Del Rey - Arcadia.mp3,11,11
344,Lana Del Rey - Beautiful,player/audio/Lana Del Rey - Beautiful.mp3,11,11
345,Lana Del Rey - Black Bathing Suit,player/audio/Lana Del Rey - Black Bathing Suit.mp3,11,11
346,Lana Del Rey - Blue Banisters,player/audio/Lana Del Rey - Blue Banisters.mp3,11,11
347,Lana Del Rey - Cherry Blossom,player/audio/Lana Del Rey - Cherry Blossom.mp3,11,11
348,Lana Del Rey - Dealer,player/audio/Lana Del Rey - Dealer.mp3,11,11
349,Lana Del Rey - If You Lie Down With Me,player/audio/Lana Del Rey - If You Lie Down With Me.mp3,11,11
350,Lana Del Rey - Interlude - The Trio,player/audio/Lana Del Rey - Interlude - The Trio.mp3,11,11
351,Lana Del Rey - Living Legend,player/audio/Lana Del Rey - Living Legend.mp3,11,11
352,Lana Del Rey - Nectar Of The Gods,player/audio/Lana Del Rey - Nectar Of The Gods.mp3,11,11
353,Lana Del Rey - Sweet Carolina,player/audio/Lana Del Rey - Sweet Carolina.mp3,11,11
354,Lana Del Rey - Text Book,player/audio/Lana Del Rey - Text Book.mp3,11,11
355,Lana Del Rey - Thunder,player/audio/Lana Del Rey - Thunder.mp3,11,11
356,Lana Del Rey - Violets for Roses,player/audio/Lana Del Rey - Violets for Roses.mp3,11,11
357,Lana Del Rey - Wildflower Wildfire,player/audio/Lana Del Rey - Wildflower Wildfire.mp3,11,11
359,Miley Cyrus - Prisoner (feat. Dua Lipa),player/audio/Miley Cyrus - Prisoner (feat. Dua Lipa).mp3,16,16
360,Ngọt - Bạn thỏ tivi nhỏ,player/audio/Ngọt - Bạn thỏ tivi nhỏ.mp3,15,15
361,Ngọt - Chào Buổi Sáng,player/audio/Ngọt - Chào Buổi Sáng.mp3,15,15
362,Ngọt - Em Trang Trí,player/audio/Ngọt - Em Trang Trí.mp3,15,15
363,Ngọt - Em Trong Đầu,player/audio/Ngọt - Em Trong Đầu.mp3,15,15
364,Ngọt - Gieo,player/audio/Ngọt - Gieo.mp3,15,15
365,Ngọt - Mất Tích,player/audio/Ngọt - Mất Tích.mp3,15,15
366,Ngọt - Mấy Khi,player/audio/Ngọt - Mấy Khi.mp3,15,15
367,Ngọt - Thấy Chưa,player/audio/Ngọt - Thấy Chưa.mp3,15,15
368,Ngọt - Điểm Đến Cuối Cùng,player/audio/Ngọt - Điểm Đến Cuối Cùng.mp3,15,15
369,Ngọt - Đêm Hôm Qua,player/audio/Ngọt - Đêm Hôm Qua.mp3,15,15
370,"Ngọt, Mạc Mai Sương - Đá tan","player/audio/Ngọt, Mạc Mai Sương - Đá tan.mp3",15,15
371,Nujabes - Luv (sic) 12' Remix Instrumentals,player/audio/Nujabes - Luv (sic) 12' Remix Instrumentals.mp3,21,21
372,Nujabes - Luv (sic) 12' Remix,player/audio/Nujabes - Luv (sic) 12' Remix.mp3,21,21
373,Nujabes - Luv (sic) Grand Finale (feat. Shing02),player/audio/Nujabes - Luv (sic) Grand Finale (feat. Shing02).mp3,21,21
374,Nujabes - Luv (sic) Grand Finale Instrumentals,player/audio/Nujabes - Luv (sic) Grand Finale Instrumentals.mp3,21,21
375,Nujabes - Luv (sic) Instrumentals,player/audio/Nujabes - Luv (sic) Instrumentals.mp3,21,21
376,Nujabes - Luv (sic) pt2 Acoustica Instrumentals,player/audio/Nujabes - Luv (sic) pt2 Acoustica Instrumentals.mp3,21,21
377,Nujabes - Luv (sic) pt2 Acoustica,player/audio/Nujabes - Luv (sic) pt2 Acoustica.mp3,21,21
378,Nujabes - Luv (sic) pt2 Instrumentals,player/audio/Nujabes - Luv (sic) pt2 Instrumentals.mp3,21,21
379,Nujabes - Luv (sic) pt2,player/audio/Nujabes - Luv (sic) pt2.mp3,21,21
380,Nujabes - Luv (sic) pt3 Ta-ku Remix Instrumentals,player/audio/Nujabes - Luv (sic) pt3 Ta-ku Remix Instrumentals.mp3,21,21
381,Nujabes - Luv (sic) pt3 Ta-ku Remix,player/audio/Nujabes - Luv (sic) pt3 Ta-ku Remix.mp3,21,21
382,Nujabes - Luv (sic) pt4 (feat. Shing02),player/audio/Nujabes - Luv (sic) pt4 (feat. Shing02).mp3,21,21
383,Nujabes - Luv (sic) pt4 Instrumentals,player/audio/Nujabes - Luv (sic) pt4 Instrumentals.mp3,21,21
384,Nujabes - Luv (sic) pt4 LASTorder Remix Instrumentals,player/audio/Nujabes - Luv (sic) pt4 LASTorder Remix Instrumentals.mp3,21,21
385,Nujabes - Luv (sic) pt4 LASTorder Remix,player/audio/Nujabes - Luv (sic) pt4 LASTorder Remix.mp3,21,21
386,Nujabes - Luv (sic) pt5 (feat. Shing02),player/audio/Nujabes - Luv (sic) pt5 (feat. Shing02).mp3,21,21
387,Nujabes - Luv (sic) pt5 Instrumentals,player/audio/Nujabes - Luv (sic) pt5 Instrumentals.mp3,21,21
388,Nujabes - Luv (sic) pt5 Jumpster Remix Instrumentals,player/audio/Nujabes - Luv (sic) pt5 Jumpster Remix Instrumentals.mp3,21,21
389,Nujabes - Luv (sic) pt5 Jumpster Remix,player/audio/Nujabes - Luv (sic) pt5 Jumpster Remix.mp3,21,21
390,Nujabes - Luv (sic) pt6 Uyama Hiroto Remix Instrumentals,player/audio/Nujabes - Luv (sic) pt6 Uyama Hiroto Remix Instrumentals.mp3,21,21
391,Nujabes - Luv (sic) pt6 Uyama Hiroto Remix,player/audio/Nujabes - Luv (sic) pt6 Uyama Hiroto Remix.mp3,21,21
392,Nujabes - Luv (sic),player/audio/Nujabes - Luv (sic).mp3,21,21
393,Nujabes - Luv (sic.) pt3 (feat. Shing02),player/audio/Nujabes - Luv (sic.) pt3 (feat. Shing02).mp3,21,21
394,Nujabes - Luv (sic.) pt3 Instrumentals,player/audio/Nujabes - Luv (sic.) pt3 Instrumentals.mp3,21,21
395,Nujabes - Perfect Circle Instrumentals,player/audio/Nujabes - Perfect Circle Instrumentals.mp3,21,21
396,Nujabes - Perfect Circle,player/audio/Nujabes - Perfect Circle.mp3,21,21
398,Post Malone - Cooped Up (with Roddy Ricch),player/audio/Post Malone - Cooped Up (with Roddy Ricch).mp3,20,20
399,Post Malone - Euthanasia,player/audio/Post Malone - Euthanasia.mp3,20,20
400,Post Malone - Hateful,player/audio/Post Malone - Hateful.mp3,20,20
401,Post Malone - I Cannot Be (A Sadder Song) (with Gunna),player/audio/Post Malone - I Cannot Be (A Sadder Song) (with Gunna).mp3,20,20
402,Post Malone - I Like You (A Happier Song) (with Doja Cat),player/audio/Post Malone - I Like You (A Happier Song) (with Doja Cat).mp3,20,20
403,Post Malone - Insane,player/audio/Post Malone - Insane.mp3,20,20
404,Post Malone - Lemon Tree,player/audio/Post Malone - Lemon Tree.mp3,20,20
405,Post Malone - LoveHate Letter To Alcohol (with Fleet Foxes),player/audio/Post Malone - LoveHate Letter To Alcohol (with Fleet Foxes).mp3,20,20
406,"Post Malone - New Recording 12, Jan 3, 2020","player/audio/Post Malone - New Recording 12, Jan 3, 2020.mp3",20,20
407,Post Malone - One Right Now (with The Weeknd),player/audio/Post Malone - One Right Now (with The Weeknd).mp3,20,20
408,Post Malone - Reputation,player/audio/Post Malone - Reputation.mp3,20,20
409,Post Malone - Waiting For A Miracle,player/audio/Post Malone - Waiting For A Miracle.mp3,20,20
410,Post Malone - Waiting For Never,player/audio/Post Malone - Waiting For Never.mp3,20,20
411,Post Malone - Wasting Angels (with The Kid LAROI),player/audio/Post Malone - Wasting Angels (with The Kid LAROI).mp3,20,20
412,Post Malone - When I’m Alone,player/audio/Post Malone - When I’m Alone.mp3,20,20
413,Post Malone - Wrapped Around Your Finger,player/audio/Post Malone - Wrapped Around Your Finger.mp3,20,20
414,"Quoc-Bao, Nguyen Ha - Tàn Phai","player/audio/Quoc-Bao, Nguyen Ha - Tàn Phai.mp3",30,30
415,"Quoc-Bao, Nguyen Ha - Tình Ca Nhung","player/audio/Quoc-Bao, Nguyen Ha - Tình Ca Nhung.mp3",30,30
416,"Quoc-Bao, Nguyen Ha - Vắng Anh","player/audio/Quoc-Bao, Nguyen Ha - Vắng Anh.mp3",30,30
418,Sam Smith - You Will Be Found (Sam Smith & Summer Walker Version) - From The “Dear Evan Hansen” Original Motion Picture Soundtrack,player/audio/Sam Smith - You Will Be Found (Sam Smith & Summer Walker Version) - From The “Dear Evan Hansen” Original Motion Picture Soundtrack.mp3,7,7
419,Sơn Tùng M-TP - Chúng Ta Không Thuộc Về Nhau (Sky Tour 2019),player/audio/Sơn Tùng M-TP - Chúng Ta Không Thuộc Về Nhau (Sky Tour 2019).mp3,22,22
420,Sơn Tùng M-TP - Chạy Ngay Đi (Sky Tour 2019),player/audio/Sơn Tùng M-TP - Chạy Ngay Đi (Sky Tour 2019).mp3,22,22
421,Sơn Tùng M-TP - Chắc Ai Đó Sẽ Về (Sky Tour 2019),player/audio/Sơn Tùng M-TP - Chắc Ai Đó Sẽ Về (Sky Tour 2019).mp3,22,22
422,Sơn Tùng M-TP - Em Của Ngày Hôm Qua (Sky Tour 2019),player/audio/Sơn Tùng M-TP - Em Của Ngày Hôm Qua (Sky Tour 2019).mp3,22,22
423,Sơn Tùng M-TP - Hãy Trao Cho Anh (Sky Tour 2019),player/audio/Sơn Tùng M-TP - Hãy Trao Cho Anh (Sky Tour 2019).mp3,22,22
424,Sơn Tùng M-TP - Lạc Trôi (Sky Tour 2019),player/audio/Sơn Tùng M-TP - Lạc Trôi (Sky Tour 2019).mp3,22,22
425,Sơn Tùng M-TP - Remember Me (Sky Tour 2019),player/audio/Sơn Tùng M-TP - Remember Me (Sky Tour 2019).mp3,22,22
426,Sơn Tùng M-TP - Sky Tour Intro,player/audio/Sơn Tùng M-TP - Sky Tour Intro.mp3,22,22
427,Taylor Swift - Anti-Hero,player/audio/Taylor Swift - Anti-Hero.mp3,12,12
428,Taylor Swift - Bejeweled,player/audio/Taylor Swift - Bejeweled.mp3,12,12
429,Taylor Swift - Bigger Than The Whole Sky,player/audio/Taylor Swift - Bigger Than The Whole Sky.mp3,12,12
430,Taylor Swift - Dear Reader,player/audio/Taylor Swift - Dear Reader.mp3,12,12
431,Taylor Swift - Glitch,player/audio/Taylor Swift - Glitch.mp3,12,12
432,Taylor Swift - High Infidelity,player/audio/Taylor Swift - High Infidelity.mp3,12,12
433,Taylor Swift - Karma,player/audio/Taylor Swift - Karma.mp3,12,12
434,Taylor Swift - Labyrinth,player/audio/Taylor Swift - Labyrinth.mp3,12,12
435,Taylor Swift - Lavender Haze,player/audio/Taylor Swift - Lavender Haze.mp3,12,12
436,Taylor Swift - Maroon,player/audio/Taylor Swift - Maroon.mp3,12,12
437,Taylor Swift - Mastermind,player/audio/Taylor Swift - Mastermind.mp3,12,12
438,Taylor Swift - Midnight Rain,player/audio/Taylor Swift - Midnight Rain.mp3,12,12
439,Taylor Swift - Paris,player/audio/Taylor Swift - Paris.mp3,12,12
440,Taylor Swift - Question...,player/audio/Taylor Swift - Question....mp3,12,12
441,Taylor Swift - Snow On The Beach (feat. Lana Del Rey),player/audio/Taylor Swift - Snow On The Beach (feat. Lana Del Rey).mp3,12,12
442,Taylor Swift - Sweet Nothing,player/audio/Taylor Swift - Sweet Nothing.mp3,12,12
443,Taylor Swift - The Great War,player/audio/Taylor Swift - The Great War.mp3,12,12
444,Taylor Swift - Vigilante Shit,player/audio/Taylor Swift - Vigilante Shit.mp3,12,12
445,"Taylor Swift - Would've, Could've, Should've","player/audio/Taylor Swift - Would've, Could've, Should've.mp3",12,12
446,"Taylor Swift - You're On Your Own, Kid","player/audio/Taylor Swift - You're On Your Own, Kid.mp3",12,12
449,Westlife - Alive,player/audio/Westlife - Alive.mp3,29,29
450,Westlife - Alone Together,player/audio/Westlife - Alone Together.mp3,29,29
451,Westlife - Always With Me,player/audio/Westlife - Always With Me.mp3,29,29
452,Westlife - Do You Ever Think of Me,player/audio/Westlife - Do You Ever Think of Me.mp3,29,29
453,Westlife - End of Time,player/audio/Westlife - End of Time.mp3,29,29
454,Westlife - Flying Without Wings - Live at Ulster Hall,player/audio/Westlife - Flying Without Wings - Live at Ulster Hall.mp3,29,29
455,Westlife - Lifeline,player/audio/Westlife - Lifeline.mp3,29,29
456,Westlife - Magic,player/audio/Westlife - Magic.mp3,29,29
457,Westlife - My Hero,player/audio/Westlife - My Hero.mp3,29,29
458,Westlife - Rewind,player/audio/Westlife - Rewind.mp3,29,29
459,Westlife - Starlight,player/audio/Westlife - Starlight.mp3,29,29
460,Westlife - Uptown Girl - Live at Ulster Hall,player/audio/Westlife - Uptown Girl - Live at Ulster Hall.mp3,29,29
461,Westlife - Wild Dreams,player/audio/Westlife - Wild Dreams.mp3,29,29
462,Westlife - World of Our Own - Live at Ulster Hall,player/audio/Westlife - World of Our Own - Live at Ulster Hall.mp3,29,29
463,Westlife - You Raise Me Up - Live at Ulster Hall,player/audio/Westlife - You Raise Me Up - Live at Ulster Hall.mp3,29,29
464,dhruv - airplane thoughts,player/audio/dhruv - airplane thoughts.mp3,32,32
465,dhruv - double take,player/audio/dhruv - double take.mp3,32,32
466,dhruv - grateful,player/audio/dhruv - grateful.mp3,32,32
467,dhruv - moonlight,player/audio/dhruv - moonlight.mp3,32,32
468,dhruv - retrograde,player/audio/dhruv - retrograde.mp3,32,32
469,dhruv - stable life,player/audio/dhruv - stable life.mp3,32,32
470,dhruv - vulnerable,player/audio/dhruv - vulnerable.mp3,32,32
471,dhruv - what's wrong with me,player/audio/dhruv - what's wrong with me.mp3,32,32
472,Đen - Ai muốn nghe không - dongvui harmony,player/audio/Đen - Ai muốn nghe không - dongvui harmony.mp3,5,5
473,5 Seconds of Summer - BLENDER,player/audio/5 Seconds of Summer - BLENDER.mp3,33,33
474,Đen - Anh Đếch Cần Gì Nhiều Ngoài Em - dongvui harmony,player/audio/Đen - Anh Đếch Cần Gì Nhiều Ngoài Em - dongvui harmony.mp3,5,5
475,5 Seconds of Summer - Bad Omens,player/audio/5 Seconds of Summer - Bad Omens.mp3,33,33
476,Đen - Bài Này Chill Phết - dongvui harmony,player/audio/Đen - Bài Này Chill Phết - dongvui harmony.mp3,5,5
477,5 Seconds of Summer - Best Friends,player/audio/5 Seconds of Summer - Best Friends.mp3,33,33
478,Đen - Mang Tiền Về Cho Mẹ - dongvui harmony,player/audio/Đen - Mang Tiền Về Cho Mẹ - dongvui harmony.mp3,5,5
479,5 Seconds of Summer - Bleach,player/audio/5 Seconds of Summer - Bleach.mp3,33,33
480,Đen - Mơ - dongvui harmony,player/audio/Đen - Mơ - dongvui harmony.mp3,5,5
481,5 Seconds of Summer - Bloodhound,player/audio/5 Seconds of Summer - Bloodhound.mp3,33,33
482,Đen - Mưa Trên Những Mái Tôn - dongvui harmony,player/audio/Đen - Mưa Trên Những Mái Tôn - dongvui harmony.mp3,5,5
483,5 Seconds of Summer - CAROUSEL,player/audio/5 Seconds of Summer - CAROUSEL.mp3,33,33
484,Đen - Trốn Tìm - dongvui harmony,player/audio/Đen - Trốn Tìm - dongvui harmony.mp3,5,5
485,5 Seconds of Summer - COMPLETE MESS,player/audio/5 Seconds of Summer - COMPLETE MESS.mp3,33,33
486,Đen - một triệu like - dongvui harmony,player/audio/Đen - một triệu like - dongvui harmony.mp3,5,5
487,5 Seconds of Summer - Caramel,player/audio/5 Seconds of Summer - Caramel.mp3,33,33
488,Sam Smith - Young,player/audio/Sam Smith - Young.mp3,7,7
489,5 Seconds of Summer - Easy For You To Say,player/audio/5 Seconds of Summer - Easy For You To Say.mp3,33,33
490,Sam Smith - Diamonds,player/audio/Sam Smith - Diamonds.mp3,7,7
491,5 Seconds of Summer - Emotions,player/audio/5 Seconds of Summer - Emotions.mp3,33,33
492,Sam Smith - Another One,player/audio/Sam Smith - Another One.mp3,7,7
493,5 Seconds of Summer - Flatline,player/audio/5 Seconds of Summer - Flatline.mp3,33,33
494,Sam Smith - My Oasis (feat. Burna Boy),player/audio/Sam Smith - My Oasis (feat. Burna Boy).mp3,7,7
495,5 Seconds of Summer - HAZE,player/audio/5 Seconds of Summer - HAZE.mp3,33,33
496,Sam Smith - So Serious,player/audio/Sam Smith - So Serious.mp3,7,7
497,5 Seconds of Summer - Me Myself & I,player/audio/5 Seconds of Summer - Me Myself & I.mp3,33,33
498,Sam Smith - Dance (‘Til You Love Someone Else),player/audio/Sam Smith - Dance (‘Til You Love Someone Else).mp3,7,7
499,5 Seconds of Summer - Moodswings,player/audio/5 Seconds of Summer - Moodswings.mp3,33,33
500,Sam Smith - For The Lover That I Lost,player/audio/Sam Smith - For The Lover That I Lost.mp3,7,7
501,5 Seconds of Summer - Older (feat. Sierra Deaton),player/audio/5 Seconds of Summer - Older (feat. Sierra Deaton).mp3,33,33
502,Sam Smith - Breaking Hearts,player/audio/Sam Smith - Breaking Hearts.mp3,7,7
503,5 Seconds of Summer - Red Line,player/audio/5 Seconds of Summer - Red Line.mp3,33,33
504,Sam Smith - Forgive Myself,player/audio/Sam Smith - Forgive Myself.mp3,7,7
505,5 Seconds of Summer - TEARS!,player/audio/5 Seconds of Summer - TEARS!.mp3,33,33
506,Sam Smith - Kids Again,player/audio/Sam Smith - Kids Again.mp3,7,7
507,5 Seconds of Summer - Take My Hand - Joshua Tree Version,player/audio/5 Seconds of Summer - Take My Hand - Joshua Tree Version.mp3,33,33
508,Sam Smith - Dancing With A Stranger (with Normani),player/audio/Sam Smith - Dancing With A Stranger (with Normani).mp3,7,7
509,5 Seconds of Summer - You Don't Go To Parties,player/audio/5 Seconds of Summer - You Don't Go To Parties.mp3,33,33
510,Sam Smith - Love Goes (feat. Labrinth),player/audio/Sam Smith - Love Goes (feat. Labrinth).mp3,7,7
511,Arctic Monkeys - Big Ideas,player/audio/Arctic Monkeys - Big Ideas.mp3,34,34
512,Sam Smith - How Do You Sleep?,player/audio/Sam Smith - How Do You Sleep?.mp3,7,7
513,Arctic Monkeys - Body Paint,player/audio/Arctic Monkeys - Body Paint.mp3,34,34
514,Sam Smith - To Die For,player/audio/Sam Smith - To Die For.mp3,7,7
515,Arctic Monkeys - Hello You,player/audio/Arctic Monkeys - Hello You.mp3,34,34
516,Sam Smith - I'm Ready (with Demi Lovato),player/audio/Sam Smith - I'm Ready (with Demi Lovato).mp3,7,7
517,Arctic Monkeys - I Ain’t Quite Where I Think I Am,player/audio/Arctic Monkeys - I Ain’t Quite Where I Think I Am.mp3,34,34
518,Sam Smith - Fire On Fire,player/audio/Sam Smith - Fire On Fire.mp3,7,7
519,Arctic Monkeys - Jet Skis On The Moat,player/audio/Arctic Monkeys - Jet Skis On The Moat.mp3,34,34
520,Calvin Harris - Promises (with Sam Smith),player/audio/Calvin Harris - Promises (with Sam Smith).mp3,7,7
521,Arctic Monkeys - Mr Schwartz,player/audio/Arctic Monkeys - Mr Schwartz.mp3,34,34
522,Arctic Monkeys - Perfect Sense,player/audio/Arctic Monkeys - Perfect Sense.mp3,34,34
523,Arctic Monkeys - Sculptures Of Anything Goes,player/audio/Arctic Monkeys - Sculptures Of Anything Goes.mp3,34,34
524,Arctic Monkeys - The Car,player/audio/Arctic Monkeys - The Car.mp3,34,34
525,Arctic Monkeys - There’d Better Be A Mirrorball,player/audio/Arctic Monkeys - There’d Better Be A Mirrorball.mp3,34,34
